image_name,steering_angle,nav_command
yutsil_yellow_25_06_2026_16_58_frame_1.jpeg,0.000000,1
yutsil_yellow_25_06_2026_16_58_frame_2.jpeg,0.000000,1
yutsil_yellow_25_06_2026_16_58_frame_3.jpeg,-0.500000,1
yutsil_yellow_25_06_2026_16_58_frame_4.jpeg,0.000000,1
yutsil_yellow_25_06_2026_16_58_frame_5.jpeg,-0.500000,1
yutsil_yellow_25_06_2026_16_58_frame_6.jpeg,-0.500000,1
yutsil_yellow_25_06_2026_16_58_frame_7.jpeg,0.000000,1
yutsil_yellow_25_06_2026_16_58_frame_8.jpeg,0.000000,1
yutsil_yellow_25_06_2026_16_58_frame_9.jpeg,0.000000,1
yutsil_yellow_25_06_2026_16_58_frame_10.jpeg,0.000000,1
yutsil_yellow_25_06_2026_16_58_frame_11.jpeg,0.000000,1
yutsil_yellow_25_06_2026_16_58_frame_12.jpeg,0.000000,1
yutsil_yellow_25_06_2026_16_58_frame_13.jpeg,0.000000,1
yutsil_yellow_25_06_2026_16_58_frame_14.jpeg,0.000000,1
yutsil_yellow_25_06_2026_16_58_frame_15.jpeg,0.000000,1
yutsil_yellow_25_06_2026_16_58_frame_16.jpeg,0.000000,1
yutsil_yellow_25_06_2026_16_58_frame_17.jpeg,0.000000,1
yutsil_yellow_25_06_2026_16_58_frame_18.jpeg,0.000000,1
yutsil_yellow_25_06_2026_16_58_frame_19.jpeg,0.000000,1
yutsil_yellow_25_06_2026_16_58_frame_20.jpeg,0.000000,1
yutsil_yellow_25_06_2026_16_58_frame_21.jpeg,0.000000,1
yutsil_yellow_25_06_2026_16_58_frame_22.jpeg,0.000000,1
yutsil_yellow_25_06_2026_16_58_frame_23.jpeg,0.000000,1
yutsil_yellow_25_06_2026_16_58_frame_24.jpeg,0.000000,0
yutsil_yellow_25_06_2026_16_58_frame_25.jpeg,0.000000,0
yutsil_yellow_25_06_2026_16_58_frame_26.jpeg,0.000000,0
yutsil_yellow_25_06_2026_16_58_frame_27.jpeg,-0.100000,0
yutsil_yellow_25_06_2026_16_58_frame_28.jpeg,-0.225000,0
yutsil_yellow_25_06_2026_16_58_frame_29.jpeg,-0.225000,0
yutsil_yellow_25_06_2026_16_58_frame_30.jpeg,0.000000,0
yutsil_yellow_25_06_2026_16_58_frame_31.jpeg,-0.175000,0
yutsil_yellow_25_06_2026_16_58_frame_32.jpeg,-0.500000,0
yutsil_yellow_25_06_2026_16_58_frame_33.jpeg,-0.500000,0
yutsil_yellow_25_06_2026_16_58_frame_34.jpeg,-0.500000,0
yutsil_yellow_25_06_2026_16_58_frame_35.jpeg,-0.500000,0
yutsil_yellow_25_06_2026_16_58_frame_36.jpeg,0.000000,0
yutsil_yellow_25_06_2026_16_58_frame_37.jpeg,0.000000,0
yutsil_yellow_25_06_2026_16_58_frame_38.jpeg,0.000000,0
yutsil_yellow_25_06_2026_16_58_frame_39.jpeg,0.000000,0
yutsil_yellow_25_06_2026_16_58_frame_40.jpeg,0.000000,0
yutsil_yellow_25_06_2026_16_58_frame_41.jpeg,0.075000,0
yutsil_yellow_25_06_2026_16_58_frame_42.jpeg,0.000000,0
yutsil_yellow_25_06_2026_16_58_frame_43.jpeg,0.150000,0
yutsil_yellow_25_06_2026_16_58_frame_44.jpeg,0.000000,0
yutsil_yellow_25_06_2026_16_58_frame_45.jpeg,0.000000,0
yutsil_yellow_25_06_2026_16_58_frame_46.jpeg,0.000000,0
yutsil_yellow_25_06_2026_16_58_frame_47.jpeg,0.000000,0
yutsil_yellow_25_06_2026_16_58_frame_48.jpeg,0.000000,0
yutsil_yellow_25_06_2026_16_58_frame_49.jpeg,0.000000,0
yutsil_yellow_25_06_2026_16_58_frame_50.jpeg,0.000000,0
yutsil_yellow_25_06_2026_16_58_frame_51.jpeg,0.000000,0
yutsil_yellow_25_06_2026_16_58_frame_52.jpeg,-0.225000,0
yutsil_yellow_25_06_2026_16_58_frame_53.jpeg,0.000000,0
yutsil_yellow_25_06_2026_16_58_frame_54.jpeg,0.000000,0
yutsil_yellow_25_06_2026_16_58_frame_55.jpeg,0.275000,0
yutsil_yellow_25_06_2026_16_58_frame_56.jpeg,0.000000,0
yutsil_yellow_25_06_2026_16_58_frame_57.jpeg,0.000000,0
yutsil_yellow_25_06_2026_16_58_frame_58.jpeg,0.000000,0
yutsil_yellow_25_06_2026_16_58_frame_59.jpeg,0.000000,0
yutsil_yellow_25_06_2026_16_58_frame_60.jpeg,0.000000,0
yutsil_yellow_25_06_2026_16_58_frame_61.jpeg,0.000000,0
yutsil_yellow_25_06_2026_16_58_frame_62.jpeg,0.000000,0
yutsil_yellow_25_06_2026_16_58_frame_63.jpeg,0.000000,0
yutsil_yellow_25_06_2026_16_58_frame_64.jpeg,0.000000,0
yutsil_yellow_25_06_2026_16_58_frame_65.jpeg,0.000000,0
yutsil_yellow_25_06_2026_16_58_frame_66.jpeg,0.000000,0
yutsil_yellow_25_06_2026_16_58_frame_67.jpeg,-0.275000,0
yutsil_yellow_25_06_2026_16_58_frame_68.jpeg,0.025000,0
yutsil_yellow_25_06_2026_16_58_frame_69.jpeg,0.000000,0
yutsil_yellow_25_06_2026_16_58_frame_70.jpeg,0.000000,0
yutsil_yellow_25_06_2026_16_58_frame_71.jpeg,-0.125000,0
yutsil_yellow_25_06_2026_16_58_frame_72.jpeg,0.000000,0
yutsil_yellow_25_06_2026_16_58_frame_73.jpeg,0.275000,0
yutsil_yellow_25_06_2026_16_58_frame_74.jpeg,0.000000,0
yutsil_yellow_25_06_2026_16_58_frame_75.jpeg,0.150000,0
yutsil_yellow_25_06_2026_16_58_frame_76.jpeg,0.000000,0
yutsil_yellow_25_06_2026_16_58_frame_77.jpeg,0.000000,0
yutsil_yellow_25_06_2026_16_58_frame_78.jpeg,0.000000,0
yutsil_yellow_25_06_2026_16_58_frame_79.jpeg,0.000000,0
yutsil_yellow_25_06_2026_16_58_frame_80.jpeg,0.000000,0
yutsil_yellow_25_06_2026_16_58_frame_81.jpeg,0.000000,0
yutsil_yellow_25_06_2026_16_58_frame_82.jpeg,0.075000,0
yutsil_yellow_25_06_2026_16_58_frame_83.jpeg,0.000000,0
yutsil_yellow_25_06_2026_16_58_frame_84.jpeg,0.000000,0
yutsil_yellow_25_06_2026_16_58_frame_85.jpeg,0.000000,0
yutsil_yellow_25_06_2026_16_58_frame_86.jpeg,0.000000,0
yutsil_yellow_25_06_2026_16_58_frame_87.jpeg,0.000000,0
yutsil_yellow_25_06_2026_16_58_frame_88.jpeg,0.000000,0
yutsil_yellow_25_06_2026_16_58_frame_89.jpeg,0.100000,0
yutsil_yellow_25_06_2026_16_58_frame_90.jpeg,0.000000,0
yutsil_yellow_25_06_2026_16_58_frame_91.jpeg,0.000000,0
yutsil_yellow_25_06_2026_16_58_frame_92.jpeg,0.025000,0
yutsil_yellow_25_06_2026_16_58_frame_93.jpeg,0.000000,0
yutsil_yellow_25_06_2026_16_58_frame_94.jpeg,0.000000,0
yutsil_yellow_25_06_2026_16_58_frame_95.jpeg,0.500000,0
yutsil_yellow_25_06_2026_16_58_frame_96.jpeg,0.000000,0
yutsil_yellow_25_06_2026_16_58_frame_97.jpeg,0.050000,0
yutsil_yellow_25_06_2026_16_58_frame_98.jpeg,0.025000,0
yutsil_yellow_25_06_2026_16_58_frame_99.jpeg,0.000000,0
yutsil_yellow_25_06_2026_16_58_frame_100.jpeg,0.000000,0
yutsil_yellow_25_06_2026_16_58_frame_101.jpeg,0.000000,0
yutsil_yellow_25_06_2026_16_58_frame_102.jpeg,0.000000,0
yutsil_yellow_25_06_2026_16_58_frame_103.jpeg,0.000000,0
yutsil_yellow_25_06_2026_16_58_frame_104.jpeg,0.000000,0
yutsil_yellow_25_06_2026_16_58_frame_105.jpeg,0.425000,0
yutsil_yellow_25_06_2026_16_58_frame_106.jpeg,0.000000,0
yutsil_yellow_25_06_2026_16_58_frame_107.jpeg,0.500000,0
yutsil_yellow_25_06_2026_16_58_frame_108.jpeg,0.000000,0
yutsil_yellow_25_06_2026_16_58_frame_109.jpeg,0.000000,0
yutsil_yellow_25_06_2026_16_58_frame_110.jpeg,0.500000,0
yutsil_yellow_25_06_2026_16_58_frame_111.jpeg,0.000000,0
yutsil_yellow_25_06_2026_16_58_frame_112.jpeg,0.000000,0
yutsil_yellow_25_06_2026_16_58_frame_113.jpeg,0.075000,0
yutsil_yellow_25_06_2026_16_58_frame_114.jpeg,0.000000,0
yutsil_yellow_25_06_2026_16_58_frame_115.jpeg,0.000000,0
yutsil_yellow_25_06_2026_16_58_frame_116.jpeg,0.000000,1
yutsil_yellow_25_06_2026_16_58_frame_117.jpeg,0.000000,1
yutsil_yellow_25_06_2026_16_58_frame_118.jpeg,0.025000,1
yutsil_yellow_25_06_2026_16_58_frame_119.jpeg,0.000000,1
yutsil_yellow_25_06_2026_16_58_frame_120.jpeg,0.425000,1
yutsil_yellow_25_06_2026_16_58_frame_121.jpeg,0.000000,1
yutsil_yellow_25_06_2026_16_58_frame_122.jpeg,0.000000,1
yutsil_yellow_25_06_2026_16_58_frame_123.jpeg,0.000000,1
yutsil_yellow_25_06_2026_16_58_frame_124.jpeg,0.000000,1
yutsil_yellow_25_06_2026_16_58_frame_125.jpeg,0.000000,1
yutsil_yellow_25_06_2026_16_58_frame_126.jpeg,0.000000,1
yutsil_yellow_25_06_2026_16_58_frame_127.jpeg,0.000000,1
yutsil_yellow_25_06_2026_16_58_frame_128.jpeg,0.000000,1
yutsil_yellow_25_06_2026_16_58_frame_129.jpeg,0.000000,1
yutsil_yellow_25_06_2026_16_58_frame_130.jpeg,0.000000,1
yutsil_yellow_25_06_2026_16_58_frame_131.jpeg,-0.200000,1
yutsil_yellow_25_06_2026_16_58_frame_132.jpeg,0.000000,1
yutsil_yellow_25_06_2026_16_58_frame_133.jpeg,0.000000,1
yutsil_yellow_25_06_2026_16_58_frame_134.jpeg,0.000000,1
yutsil_yellow_25_06_2026_16_58_frame_135.jpeg,0.000000,1
yutsil_yellow_25_06_2026_16_58_frame_136.jpeg,0.000000,1
yutsil_yellow_25_06_2026_16_58_frame_137.jpeg,0.000000,1
yutsil_yellow_25_06_2026_16_58_frame_138.jpeg,0.000000,1
yutsil_yellow_25_06_2026_16_58_frame_139.jpeg,-0.225000,1
yutsil_yellow_25_06_2026_16_58_frame_140.jpeg,0.000000,1
yutsil_yellow_25_06_2026_16_58_frame_141.jpeg,0.000000,1
yutsil_yellow_25_06_2026_16_58_frame_142.jpeg,0.000000,1
yutsil_yellow_25_06_2026_16_58_frame_143.jpeg,0.000000,1
yutsil_yellow_25_06_2026_16_58_frame_144.jpeg,0.000000,1
yutsil_yellow_25_06_2026_16_58_frame_145.jpeg,0.000000,1
yutsil_yellow_25_06_2026_16_58_frame_146.jpeg,0.000000,1
yutsil_yellow_25_06_2026_16_58_frame_147.jpeg,0.000000,1
yutsil_yellow_25_06_2026_16_58_frame_148.jpeg,0.000000,1
yutsil_yellow_25_06_2026_16_58_frame_149.jpeg,0.000000,1
yutsil_yellow_25_06_2026_16_58_frame_150.jpeg,0.000000,1
yutsil_yellow_25_06_2026_16_58_frame_151.jpeg,0.175000,1
yutsil_yellow_25_06_2026_16_58_frame_152.jpeg,0.000000,1
yutsil_yellow_25_06_2026_16_58_frame_153.jpeg,0.175000,1
yutsil_yellow_25_06_2026_16_58_frame_154.jpeg,0.000000,1
yutsil_yellow_25_06_2026_16_58_frame_155.jpeg,0.000000,1
yutsil_yellow_25_06_2026_16_58_frame_156.jpeg,0.275000,1
yutsil_yellow_25_06_2026_16_58_frame_157.jpeg,0.000000,1
yutsil_yellow_25_06_2026_16_58_frame_158.jpeg,0.000000,1
yutsil_yellow_25_06_2026_16_58_frame_159.jpeg,0.175000,1
yutsil_yellow_25_06_2026_16_58_frame_160.jpeg,0.000000,1
yutsil_yellow_25_06_2026_16_58_frame_161.jpeg,0.000000,1
yutsil_yellow_25_06_2026_16_58_frame_162.jpeg,0.300000,1
yutsil_yellow_25_06_2026_16_58_frame_163.jpeg,0.000000,1
yutsil_yellow_25_06_2026_16_58_frame_164.jpeg,0.125000,1
yutsil_yellow_25_06_2026_16_58_frame_165.jpeg,0.000000,1
yutsil_yellow_25_06_2026_16_58_frame_166.jpeg,0.000000,1
yutsil_yellow_25_06_2026_16_58_frame_167.jpeg,0.225000,1
yutsil_yellow_25_06_2026_16_58_frame_168.jpeg,0.000000,1
yutsil_yellow_25_06_2026_16_58_frame_169.jpeg,0.000000,1
yutsil_yellow_25_06_2026_16_58_frame_170.jpeg,0.450000,1
yutsil_yellow_25_06_2026_16_58_frame_171.jpeg,0.000000,1
yutsil_yellow_25_06_2026_16_58_frame_172.jpeg,0.000000,1
yutsil_yellow_25_06_2026_16_58_frame_173.jpeg,0.500000,1
yutsil_yellow_25_06_2026_16_58_frame_174.jpeg,0.000000,1
yutsil_yellow_25_06_2026_16_58_frame_175.jpeg,0.000000,1
yutsil_yellow_25_06_2026_16_58_frame_176.jpeg,0.000000,1
yutsil_yellow_25_06_2026_16_58_frame_177.jpeg,0.125000,1
yutsil_yellow_25_06_2026_16_58_frame_178.jpeg,0.000000,1
yutsil_yellow_25_06_2026_16_58_frame_179.jpeg,0.000000,1
yutsil_yellow_25_06_2026_16_58_frame_180.jpeg,0.000000,1
yutsil_yellow_25_06_2026_16_58_frame_181.jpeg,0.000000,1
yutsil_yellow_25_06_2026_16_58_frame_182.jpeg,0.000000,1
yutsil_yellow_25_06_2026_16_58_frame_183.jpeg,0.000000,1
yutsil_yellow_25_06_2026_16_58_frame_184.jpeg,0.000000,1
yutsil_yellow_25_06_2026_16_58_frame_185.jpeg,0.000000,1
yutsil_yellow_25_06_2026_16_58_frame_186.jpeg,0.000000,1
yutsil_yellow_25_06_2026_16_58_frame_187.jpeg,0.000000,1
yutsil_yellow_25_06_2026_16_58_frame_188.jpeg,0.000000,1
yutsil_yellow_25_06_2026_16_58_frame_189.jpeg,0.000000,1
yutsil_yellow_25_06_2026_16_58_frame_190.jpeg,0.000000,1
yutsil_yellow_25_06_2026_16_58_frame_191.jpeg,0.000000,1
yutsil_yellow_25_06_2026_16_58_frame_192.jpeg,0.000000,1
yutsil_yellow_25_06_2026_16_58_frame_193.jpeg,0.000000,1
yutsil_yellow_25_06_2026_16_58_frame_194.jpeg,0.150000,1
yutsil_yellow_25_06_2026_16_58_frame_195.jpeg,0.000000,1
yutsil_yellow_25_06_2026_16_58_frame_196.jpeg,0.400000,1
yutsil_yellow_25_06_2026_16_58_frame_197.jpeg,-0.050000,1
yutsil_yellow_25_06_2026_16_58_frame_198.jpeg,0.000000,1
yutsil_yellow_25_06_2026_16_58_frame_199.jpeg,0.000000,1
yutsil_yellow_25_06_2026_16_58_frame_200.jpeg,0.000000,1
yutsil_yellow_25_06_2026_16_58_frame_201.jpeg,0.000000,1
yutsil_yellow_25_06_2026_16_58_frame_202.jpeg,0.000000,1
yutsil_yellow_25_06_2026_16_58_frame_203.jpeg,0.000000,1
yutsil_yellow_25_06_2026_16_58_frame_204.jpeg,0.000000,1
yutsil_yellow_25_06_2026_16_58_frame_205.jpeg,0.000000,1
yutsil_yellow_25_06_2026_16_58_frame_206.jpeg,0.000000,1
yutsil_yellow_25_06_2026_16_58_frame_207.jpeg,0.000000,1
yutsil_yellow_25_06_2026_16_58_frame_208.jpeg,0.000000,1
yutsil_yellow_25_06_2026_16_58_frame_209.jpeg,0.000000,1
yutsil_yellow_25_06_2026_16_58_frame_210.jpeg,0.000000,1
yutsil_yellow_25_06_2026_16_58_frame_211.jpeg,0.000000,1
yutsil_yellow_25_06_2026_16_58_frame_212.jpeg,0.000000,1
yutsil_yellow_25_06_2026_16_58_frame_213.jpeg,0.000000,1
yutsil_yellow_25_06_2026_16_58_frame_214.jpeg,0.000000,1
yutsil_yellow_25_06_2026_16_58_frame_215.jpeg,0.000000,1
yutsil_yellow_25_06_2026_16_58_frame_216.jpeg,0.000000,1
yutsil_yellow_25_06_2026_16_58_frame_217.jpeg,0.000000,1
yutsil_yellow_25_06_2026_16_58_frame_218.jpeg,0.000000,1
yutsil_yellow_25_06_2026_16_58_frame_219.jpeg,0.175000,1
yutsil_yellow_25_06_2026_16_58_frame_220.jpeg,0.000000,1
yutsil_yellow_25_06_2026_16_58_frame_221.jpeg,0.000000,1
yutsil_yellow_25_06_2026_16_58_frame_222.jpeg,0.000000,1
yutsil_yellow_25_06_2026_16_58_frame_223.jpeg,0.000000,1
yutsil_yellow_25_06_2026_16_58_frame_224.jpeg,0.000000,1
yutsil_yellow_25_06_2026_16_58_frame_225.jpeg,0.000000,1
yutsil_yellow_25_06_2026_16_58_frame_226.jpeg,0.000000,1
yutsil_yellow_25_06_2026_16_58_frame_227.jpeg,0.000000,1
yutsil_yellow_25_06_2026_16_58_frame_228.jpeg,0.000000,1
yutsil_yellow_25_06_2026_16_58_frame_229.jpeg,0.000000,1
yutsil_yellow_25_06_2026_16_58_frame_230.jpeg,0.000000,1
yutsil_yellow_25_06_2026_16_58_frame_231.jpeg,0.000000,1
yutsil_yellow_25_06_2026_16_58_frame_232.jpeg,0.050000,1
yutsil_yellow_25_06_2026_16_58_frame_233.jpeg,0.000000,1
yutsil_yellow_25_06_2026_16_58_frame_234.jpeg,0.000000,1
yutsil_yellow_25_06_2026_16_58_frame_235.jpeg,0.000000,1
yutsil_yellow_25_06_2026_16_58_frame_236.jpeg,0.000000,1
yutsil_yellow_25_06_2026_16_58_frame_237.jpeg,0.000000,1
yutsil_yellow_25_06_2026_16_58_frame_238.jpeg,0.000000,1
yutsil_yellow_25_06_2026_16_58_frame_239.jpeg,0.000000,1
yutsil_yellow_25_06_2026_16_58_frame_240.jpeg,0.000000,1
yutsil_yellow_25_06_2026_16_58_frame_241.jpeg,0.000000,1
yutsil_yellow_25_06_2026_16_58_frame_242.jpeg,0.000000,1
yutsil_yellow_25_06_2026_16_58_frame_243.jpeg,0.000000,1
yutsil_yellow_25_06_2026_16_58_frame_244.jpeg,0.000000,1
yutsil_yellow_25_06_2026_16_58_frame_245.jpeg,0.000000,1
yutsil_yellow_25_06_2026_16_58_frame_246.jpeg,0.000000,1
yutsil_yellow_25_06_2026_16_58_frame_247.jpeg,0.000000,1
yutsil_yellow_25_06_2026_16_58_frame_248.jpeg,0.000000,1
yutsil_yellow_25_06_2026_16_58_frame_249.jpeg,0.000000,1
yutsil_yellow_25_06_2026_16_58_frame_250.jpeg,0.375000,1
yutsil_yellow_25_06_2026_16_58_frame_251.jpeg,0.000000,1
yutsil_yellow_25_06_2026_16_58_frame_252.jpeg,0.000000,1
yutsil_yellow_25_06_2026_16_58_frame_253.jpeg,0.000000,1
yutsil_yellow_25_06_2026_16_58_frame_254.jpeg,0.000000,1
yutsil_yellow_25_06_2026_16_58_frame_255.jpeg,0.025000,1
yutsil_yellow_25_06_2026_16_58_frame_256.jpeg,0.000000,1
yutsil_yellow_25_06_2026_16_58_frame_257.jpeg,0.000000,1
yutsil_yellow_25_06_2026_16_58_frame_258.jpeg,0.000000,1
yutsil_yellow_25_06_2026_16_58_frame_259.jpeg,0.000000,1
yutsil_yellow_25_06_2026_16_58_frame_260.jpeg,0.475000,1
yutsil_yellow_25_06_2026_16_58_frame_261.jpeg,0.000000,1
yutsil_yellow_25_06_2026_16_58_frame_262.jpeg,0.000000,1
yutsil_yellow_25_06_2026_16_58_frame_263.jpeg,0.000000,1
yutsil_yellow_25_06_2026_16_58_frame_264.jpeg,0.000000,1
yutsil_yellow_25_06_2026_16_58_frame_265.jpeg,0.400000,1
yutsil_yellow_25_06_2026_16_58_frame_266.jpeg,0.000000,1
yutsil_yellow_25_06_2026_16_58_frame_267.jpeg,0.300000,1
yutsil_yellow_25_06_2026_16_58_frame_268.jpeg,0.000000,1
yutsil_yellow_25_06_2026_16_58_frame_269.jpeg,0.250000,1
yutsil_yellow_25_06_2026_16_58_frame_270.jpeg,0.000000,1
yutsil_yellow_25_06_2026_16_58_frame_271.jpeg,0.075000,1
yutsil_yellow_25_06_2026_16_58_frame_272.jpeg,0.000000,1
yutsil_yellow_25_06_2026_16_58_frame_273.jpeg,0.000000,1
yutsil_yellow_25_06_2026_16_58_frame_274.jpeg,0.000000,1
yutsil_yellow_25_06_2026_16_58_frame_275.jpeg,0.000000,1
yutsil_yellow_25_06_2026_16_58_frame_276.jpeg,0.000000,1
yutsil_yellow_25_06_2026_16_58_frame_277.jpeg,0.000000,1
yutsil_yellow_25_06_2026_16_58_frame_278.jpeg,0.225000,1
yutsil_yellow_25_06_2026_16_58_frame_279.jpeg,0.500000,1
yutsil_yellow_25_06_2026_16_58_frame_280.jpeg,0.000000,1
yutsil_yellow_25_06_2026_16_58_frame_281.jpeg,0.450000,1
yutsil_yellow_25_06_2026_16_58_frame_282.jpeg,0.000000,1
yutsil_yellow_25_06_2026_16_58_frame_283.jpeg,0.000000,1
yutsil_yellow_25_06_2026_16_58_frame_284.jpeg,0.000000,1
yutsil_yellow_25_06_2026_16_58_frame_285.jpeg,0.000000,1
yutsil_yellow_25_06_2026_16_58_frame_286.jpeg,0.000000,1
yutsil_yellow_25_06_2026_16_58_frame_287.jpeg,0.000000,1
yutsil_yellow_25_06_2026_16_58_frame_288.jpeg,0.350000,1
yutsil_yellow_25_06_2026_16_58_frame_289.jpeg,0.000000,1
yutsil_yellow_25_06_2026_16_58_frame_290.jpeg,0.350000,1
yutsil_yellow_25_06_2026_16_58_frame_291.jpeg,0.000000,1
yutsil_yellow_25_06_2026_16_58_frame_292.jpeg,0.000000,1
yutsil_yellow_25_06_2026_16_58_frame_293.jpeg,0.150000,1
yutsil_yellow_25_06_2026_16_58_frame_294.jpeg,0.000000,1
yutsil_yellow_25_06_2026_16_58_frame_295.jpeg,0.075000,1
yutsil_yellow_25_06_2026_16_58_frame_296.jpeg,0.025000,1
yutsil_yellow_25_06_2026_16_58_frame_297.jpeg,0.000000,1
yutsil_yellow_25_06_2026_16_58_frame_298.jpeg,0.025000,1
yutsil_yellow_25_06_2026_16_58_frame_299.jpeg,0.000000,1
yutsil_yellow_25_06_2026_16_58_frame_300.jpeg,0.500000,1
yutsil_yellow_25_06_2026_16_58_frame_301.jpeg,0.000000,1
yutsil_yellow_25_06_2026_16_58_frame_302.jpeg,0.000000,1
yutsil_yellow_25_06_2026_16_58_frame_303.jpeg,0.000000,1
yutsil_yellow_25_06_2026_16_58_frame_304.jpeg,0.325000,1
yutsil_yellow_25_06_2026_16_58_frame_305.jpeg,0.000000,1
yutsil_yellow_25_06_2026_16_58_frame_306.jpeg,0.000000,1
yutsil_yellow_25_06_2026_16_58_frame_307.jpeg,0.000000,1
yutsil_yellow_25_06_2026_16_58_frame_308.jpeg,0.000000,1
yutsil_yellow_25_06_2026_16_58_frame_309.jpeg,0.000000,1
yutsil_yellow_25_06_2026_16_58_frame_310.jpeg,0.000000,1
yutsil_yellow_25_06_2026_16_58_frame_311.jpeg,0.000000,1
yutsil_yellow_25_06_2026_16_58_frame_312.jpeg,0.000000,1
yutsil_yellow_25_06_2026_16_58_frame_313.jpeg,0.000000,1
yutsil_yellow_25_06_2026_16_58_frame_314.jpeg,0.000000,1
yutsil_yellow_25_06_2026_16_58_frame_315.jpeg,0.000000,1
yutsil_yellow_25_06_2026_16_58_frame_316.jpeg,0.000000,1
yutsil_yellow_25_06_2026_16_58_frame_317.jpeg,-0.025000,1
yutsil_yellow_25_06_2026_16_58_frame_318.jpeg,0.000000,1
yutsil_yellow_25_06_2026_16_58_frame_319.jpeg,0.000000,1
yutsil_yellow_25_06_2026_16_58_frame_320.jpeg,0.000000,1
yutsil_yellow_25_06_2026_16_58_frame_321.jpeg,0.000000,1
yutsil_yellow_25_06_2026_16_58_frame_322.jpeg,-0.225000,1
yutsil_yellow_25_06_2026_16_58_frame_323.jpeg,0.000000,1
yutsil_yellow_25_06_2026_16_58_frame_324.jpeg,-0.275000,1
yutsil_yellow_25_06_2026_16_58_frame_325.jpeg,0.000000,1
yutsil_yellow_25_06_2026_16_58_frame_326.jpeg,-0.375000,1
yutsil_yellow_25_06_2026_16_58_frame_327.jpeg,0.000000,1
yutsil_yellow_25_06_2026_16_58_frame_328.jpeg,0.000000,1
yutsil_yellow_25_06_2026_16_58_frame_329.jpeg,-0.450000,1
yutsil_yellow_25_06_2026_16_58_frame_330.jpeg,0.000000,1
yutsil_yellow_25_06_2026_16_58_frame_331.jpeg,-0.175000,1
yutsil_yellow_25_06_2026_16_58_frame_332.jpeg,0.000000,1
yutsil_yellow_25_06_2026_16_58_frame_333.jpeg,0.000000,1
yutsil_yellow_25_06_2026_16_58_frame_334.jpeg,0.000000,1
yutsil_yellow_25_06_2026_16_58_frame_335.jpeg,-0.450000,1
yutsil_yellow_25_06_2026_16_58_frame_336.jpeg,0.000000,1
yutsil_yellow_25_06_2026_16_58_frame_337.jpeg,0.000000,1
yutsil_yellow_25_06_2026_16_58_frame_338.jpeg,0.000000,1
yutsil_yellow_25_06_2026_16_58_frame_339.jpeg,0.000000,1
yutsil_yellow_25_06_2026_16_58_frame_340.jpeg,0.000000,1
yutsil_yellow_25_06_2026_16_58_frame_341.jpeg,0.000000,1
yutsil_yellow_25_06_2026_16_58_frame_342.jpeg,0.000000,1
yutsil_yellow_25_06_2026_16_58_frame_343.jpeg,0.000000,1
yutsil_yellow_25_06_2026_16_58_frame_344.jpeg,0.000000,2
yutsil_yellow_25_06_2026_16_58_frame_345.jpeg,0.000000,2
yutsil_yellow_25_06_2026_16_58_frame_346.jpeg,0.000000,2
yutsil_yellow_25_06_2026_16_58_frame_347.jpeg,0.175000,2
yutsil_yellow_25_06_2026_16_58_frame_348.jpeg,0.175000,2
yutsil_yellow_25_06_2026_16_58_frame_349.jpeg,0.275000,2
yutsil_yellow_25_06_2026_16_58_frame_350.jpeg,0.500000,2
yutsil_yellow_25_06_2026_16_58_frame_351.jpeg,0.500000,2
yutsil_yellow_25_06_2026_16_58_frame_352.jpeg,0.500000,2
yutsil_yellow_25_06_2026_16_58_frame_353.jpeg,0.000000,2
yutsil_yellow_25_06_2026_16_58_frame_354.jpeg,0.200000,2
yutsil_yellow_25_06_2026_16_58_frame_355.jpeg,0.000000,2
yutsil_yellow_25_06_2026_16_58_frame_356.jpeg,0.275000,2
yutsil_yellow_25_06_2026_16_58_frame_357.jpeg,0.000000,2
yutsil_yellow_25_06_2026_16_58_frame_358.jpeg,0.000000,2
yutsil_yellow_25_06_2026_16_58_frame_359.jpeg,0.000000,2
yutsil_yellow_25_06_2026_16_58_frame_360.jpeg,0.000000,2
yutsil_yellow_25_06_2026_16_58_frame_361.jpeg,-0.250000,2
yutsil_yellow_25_06_2026_16_58_frame_362.jpeg,0.000000,2
yutsil_yellow_25_06_2026_16_58_frame_363.jpeg,0.025000,2
yutsil_yellow_25_06_2026_16_58_frame_364.jpeg,0.225000,2
yutsil_yellow_25_06_2026_16_58_frame_365.jpeg,0.000000,2
yutsil_yellow_25_06_2026_16_58_frame_366.jpeg,0.000000,2
yutsil_yellow_25_06_2026_16_58_frame_367.jpeg,-0.350000,2
yutsil_yellow_25_06_2026_16_58_frame_368.jpeg,0.000000,2
yutsil_yellow_25_06_2026_16_58_frame_369.jpeg,-0.300000,2
yutsil_yellow_25_06_2026_16_58_frame_370.jpeg,0.000000,2
yutsil_yellow_25_06_2026_16_58_frame_371.jpeg,0.000000,2
yutsil_yellow_25_06_2026_16_58_frame_372.jpeg,0.000000,2
yutsil_yellow_25_06_2026_16_58_frame_373.jpeg,-0.025000,2
yutsil_yellow_25_06_2026_16_58_frame_374.jpeg,0.000000,2
yutsil_yellow_25_06_2026_16_58_frame_375.jpeg,0.000000,2
yutsil_yellow_25_06_2026_16_58_frame_376.jpeg,0.000000,2
yutsil_yellow_25_06_2026_16_58_frame_377.jpeg,0.000000,2
yutsil_yellow_25_06_2026_16_58_frame_378.jpeg,0.000000,2
yutsil_yellow_25_06_2026_16_58_frame_379.jpeg,0.000000,2
yutsil_yellow_25_06_2026_16_58_frame_380.jpeg,0.000000,2
yutsil_yellow_25_06_2026_16_58_frame_381.jpeg,0.000000,2
yutsil_yellow_25_06_2026_16_58_frame_382.jpeg,0.000000,2
yutsil_yellow_25_06_2026_16_58_frame_383.jpeg,0.000000,2
yutsil_yellow_25_06_2026_16_58_frame_384.jpeg,0.000000,2
yutsil_yellow_25_06_2026_16_58_frame_385.jpeg,0.000000,2
yutsil_yellow_25_06_2026_16_58_frame_386.jpeg,0.000000,2
yutsil_yellow_25_06_2026_16_58_frame_387.jpeg,0.000000,2
yutsil_yellow_25_06_2026_16_58_frame_388.jpeg,0.000000,2
yutsil_yellow_25_06_2026_16_58_frame_389.jpeg,0.000000,2
yutsil_yellow_25_06_2026_16_58_frame_390.jpeg,0.000000,2
yutsil_yellow_25_06_2026_16_58_frame_391.jpeg,0.000000,2
yutsil_yellow_25_06_2026_16_58_frame_392.jpeg,0.000000,2
yutsil_yellow_25_06_2026_16_58_frame_393.jpeg,0.000000,2
yutsil_yellow_25_06_2026_16_58_frame_394.jpeg,0.000000,2
yutsil_yellow_25_06_2026_16_58_frame_395.jpeg,0.000000,2
yutsil_yellow_25_06_2026_16_58_frame_396.jpeg,0.000000,2
yutsil_yellow_25_06_2026_16_58_frame_397.jpeg,0.000000,2
yutsil_yellow_25_06_2026_16_58_frame_398.jpeg,0.075000,2
yutsil_yellow_25_06_2026_16_58_frame_399.jpeg,0.000000,2
yutsil_yellow_25_06_2026_16_58_frame_400.jpeg,0.000000,2
yutsil_yellow_25_06_2026_16_58_frame_401.jpeg,0.000000,2
yutsil_yellow_25_06_2026_16_58_frame_402.jpeg,0.250000,2
yutsil_yellow_25_06_2026_16_58_frame_403.jpeg,0.000000,2
yutsil_yellow_25_06_2026_16_58_frame_404.jpeg,0.000000,2
yutsil_yellow_25_06_2026_16_58_frame_405.jpeg,0.225000,2
yutsil_yellow_25_06_2026_16_58_frame_406.jpeg,0.000000,2
yutsil_yellow_25_06_2026_16_58_frame_407.jpeg,0.000000,2
yutsil_yellow_25_06_2026_16_58_frame_408.jpeg,0.475000,2
yutsil_yellow_25_06_2026_16_58_frame_409.jpeg,0.000000,2
yutsil_yellow_25_06_2026_16_58_frame_410.jpeg,0.125000,2
yutsil_yellow_25_06_2026_16_58_frame_411.jpeg,0.500000,2
yutsil_yellow_25_06_2026_16_58_frame_412.jpeg,0.000000,2
yutsil_yellow_25_06_2026_16_58_frame_413.jpeg,0.000000,2
yutsil_yellow_25_06_2026_16_58_frame_414.jpeg,0.000000,2
yutsil_yellow_25_06_2026_16_58_frame_415.jpeg,0.450000,2
yutsil_yellow_25_06_2026_16_58_frame_416.jpeg,0.000000,2
yutsil_yellow_25_06_2026_16_58_frame_417.jpeg,0.000000,2
yutsil_yellow_25_06_2026_16_58_frame_418.jpeg,0.000000,2
yutsil_yellow_25_06_2026_16_58_frame_419.jpeg,0.000000,2
yutsil_yellow_25_06_2026_16_58_frame_420.jpeg,0.000000,2
yutsil_yellow_25_06_2026_16_58_frame_421.jpeg,0.000000,2
yutsil_yellow_25_06_2026_16_58_frame_422.jpeg,0.000000,2
yutsil_yellow_25_06_2026_16_58_frame_423.jpeg,0.000000,2
yutsil_yellow_25_06_2026_16_58_frame_424.jpeg,0.000000,2
yutsil_yellow_25_06_2026_16_58_frame_425.jpeg,0.350000,2
yutsil_yellow_25_06_2026_16_58_frame_426.jpeg,0.000000,2
yutsil_yellow_25_06_2026_16_58_frame_427.jpeg,0.000000,2
yutsil_yellow_25_06_2026_16_58_frame_428.jpeg,0.000000,2
yutsil_yellow_25_06_2026_16_58_frame_429.jpeg,0.000000,0
yutsil_yellow_25_06_2026_16_58_frame_430.jpeg,0.000000,0
yutsil_yellow_25_06_2026_16_58_frame_431.jpeg,0.000000,0
yutsil_yellow_25_06_2026_16_58_frame_432.jpeg,-0.375000,0
yutsil_yellow_25_06_2026_16_58_frame_433.jpeg,-0.500000,0
yutsil_yellow_25_06_2026_16_58_frame_434.jpeg,-0.500000,0
yutsil_yellow_25_06_2026_16_58_frame_435.jpeg,-0.500000,0
yutsil_yellow_25_06_2026_16_58_frame_436.jpeg,-0.500000,0
yutsil_yellow_25_06_2026_16_58_frame_437.jpeg,0.000000,0
yutsil_yellow_25_06_2026_16_58_frame_438.jpeg,0.000000,0
yutsil_yellow_25_06_2026_16_58_frame_439.jpeg,0.000000,0
yutsil_yellow_25_06_2026_16_58_frame_440.jpeg,0.000000,0
yutsil_yellow_25_06_2026_16_58_frame_441.jpeg,0.000000,0
yutsil_yellow_25_06_2026_16_58_frame_442.jpeg,-0.350000,0
yutsil_yellow_25_06_2026_16_58_frame_443.jpeg,0.000000,0
yutsil_yellow_25_06_2026_16_58_frame_444.jpeg,0.000000,0
yutsil_yellow_25_06_2026_16_58_frame_445.jpeg,0.000000,0
yutsil_yellow_25_06_2026_16_58_frame_446.jpeg,0.000000,0
yutsil_yellow_25_06_2026_16_58_frame_447.jpeg,0.000000,0
yutsil_yellow_25_06_2026_16_58_frame_448.jpeg,0.000000,0
yutsil_yellow_25_06_2026_16_58_frame_449.jpeg,0.000000,0
yutsil_yellow_25_06_2026_16_58_frame_450.jpeg,0.000000,0
yutsil_yellow_25_06_2026_16_58_frame_451.jpeg,0.000000,0
yutsil_yellow_25_06_2026_16_58_frame_452.jpeg,0.000000,0
yutsil_yellow_25_06_2026_16_58_frame_453.jpeg,0.000000,0
yutsil_yellow_25_06_2026_16_58_frame_454.jpeg,0.400000,0
yutsil_yellow_25_06_2026_16_58_frame_455.jpeg,0.000000,0
yutsil_yellow_25_06_2026_16_58_frame_456.jpeg,0.000000,0
yutsil_yellow_25_06_2026_16_58_frame_457.jpeg,0.000000,0
yutsil_yellow_25_06_2026_16_58_frame_458.jpeg,0.025000,0
yutsil_yellow_25_06_2026_16_58_frame_459.jpeg,0.000000,0
yutsil_yellow_25_06_2026_16_58_frame_460.jpeg,0.000000,0
yutsil_yellow_25_06_2026_16_58_frame_461.jpeg,0.500000,0
yutsil_yellow_25_06_2026_16_58_frame_462.jpeg,0.000000,0
yutsil_yellow_25_06_2026_16_58_frame_463.jpeg,0.200000,0
yutsil_yellow_25_06_2026_16_58_frame_464.jpeg,0.000000,0
yutsil_yellow_25_06_2026_16_58_frame_465.jpeg,0.000000,0
yutsil_yellow_25_06_2026_16_58_frame_466.jpeg,0.500000,0
yutsil_yellow_25_06_2026_16_58_frame_467.jpeg,0.000000,0
yutsil_yellow_25_06_2026_16_58_frame_468.jpeg,0.050000,0
yutsil_yellow_25_06_2026_16_58_frame_469.jpeg,0.000000,0
yutsil_yellow_25_06_2026_16_58_frame_470.jpeg,0.000000,0
yutsil_yellow_25_06_2026_16_58_frame_471.jpeg,0.000000,0
yutsil_yellow_25_06_2026_16_58_frame_472.jpeg,0.000000,0
yutsil_yellow_25_06_2026_16_58_frame_473.jpeg,0.000000,0
yutsil_yellow_25_06_2026_16_58_frame_474.jpeg,-0.375000,0
yutsil_yellow_25_06_2026_16_58_frame_475.jpeg,0.000000,0
yutsil_yellow_25_06_2026_16_58_frame_476.jpeg,0.500000,0
yutsil_yellow_25_06_2026_16_58_frame_477.jpeg,0.000000,0
yutsil_yellow_25_06_2026_16_58_frame_478.jpeg,0.275000,0
yutsil_yellow_25_06_2026_16_58_frame_479.jpeg,0.000000,0
yutsil_yellow_25_06_2026_16_58_frame_480.jpeg,0.000000,0
yutsil_yellow_25_06_2026_16_58_frame_481.jpeg,0.000000,0
yutsil_yellow_25_06_2026_16_58_frame_482.jpeg,0.000000,0
yutsil_yellow_25_06_2026_16_58_frame_483.jpeg,0.000000,0
yutsil_yellow_25_06_2026_16_58_frame_484.jpeg,0.000000,0
yutsil_yellow_25_06_2026_16_58_frame_485.jpeg,0.000000,0
yutsil_yellow_25_06_2026_16_58_frame_486.jpeg,0.000000,0
yutsil_yellow_25_06_2026_16_58_frame_487.jpeg,0.000000,0
yutsil_yellow_25_06_2026_16_58_frame_488.jpeg,0.000000,0
yutsil_yellow_25_06_2026_16_58_frame_489.jpeg,0.000000,0
yutsil_yellow_25_06_2026_16_58_frame_490.jpeg,0.000000,0
yutsil_yellow_25_06_2026_16_58_frame_491.jpeg,0.000000,0
yutsil_yellow_25_06_2026_16_58_frame_492.jpeg,0.000000,0
yutsil_yellow_25_06_2026_16_58_frame_493.jpeg,0.000000,0
yutsil_yellow_25_06_2026_16_58_frame_494.jpeg,0.300000,0
yutsil_yellow_25_06_2026_16_58_frame_495.jpeg,0.000000,0
yutsil_yellow_25_06_2026_16_58_frame_496.jpeg,0.000000,0
yutsil_yellow_25_06_2026_16_58_frame_497.jpeg,0.000000,0
yutsil_yellow_25_06_2026_16_58_frame_498.jpeg,0.000000,0
yutsil_yellow_25_06_2026_16_58_frame_499.jpeg,0.000000,0
yutsil_yellow_25_06_2026_16_58_frame_500.jpeg,0.000000,0
yutsil_yellow_25_06_2026_16_58_frame_501.jpeg,0.000000,0
yutsil_yellow_25_06_2026_16_58_frame_502.jpeg,0.000000,0
yutsil_yellow_25_06_2026_16_58_frame_503.jpeg,0.000000,0
yutsil_yellow_25_06_2026_16_58_frame_504.jpeg,0.000000,0
yutsil_yellow_25_06_2026_16_58_frame_505.jpeg,0.000000,0
yutsil_yellow_25_06_2026_16_58_frame_506.jpeg,0.000000,0
yutsil_yellow_25_06_2026_16_58_frame_507.jpeg,0.000000,0
yutsil_yellow_25_06_2026_16_58_frame_508.jpeg,0.000000,0
yutsil_yellow_25_06_2026_16_58_frame_509.jpeg,0.000000,0
yutsil_yellow_25_06_2026_16_58_frame_510.jpeg,0.325000,0
yutsil_yellow_25_06_2026_16_58_frame_511.jpeg,0.000000,0
yutsil_yellow_25_06_2026_16_58_frame_512.jpeg,0.000000,0
yutsil_yellow_25_06_2026_16_58_frame_513.jpeg,0.000000,0
yutsil_yellow_25_06_2026_16_58_frame_514.jpeg,0.000000,0
yutsil_yellow_25_06_2026_16_58_frame_515.jpeg,0.250000,0
yutsil_yellow_25_06_2026_16_58_frame_516.jpeg,0.000000,0
yutsil_yellow_25_06_2026_16_58_frame_517.jpeg,0.500000,0
yutsil_yellow_25_06_2026_16_58_frame_518.jpeg,0.000000,0
yutsil_yellow_25_06_2026_16_58_frame_519.jpeg,0.250000,0
yutsil_yellow_25_06_2026_16_58_frame_520.jpeg,0.000000,0
yutsil_yellow_25_06_2026_16_58_frame_521.jpeg,0.000000,0
yutsil_yellow_25_06_2026_16_58_frame_522.jpeg,0.500000,0
yutsil_yellow_25_06_2026_16_58_frame_523.jpeg,0.000000,0
yutsil_yellow_25_06_2026_16_58_frame_524.jpeg,0.000000,0
yutsil_yellow_25_06_2026_16_58_frame_525.jpeg,0.000000,0
yutsil_yellow_25_06_2026_16_58_frame_526.jpeg,0.225000,0
yutsil_yellow_25_06_2026_16_58_frame_527.jpeg,0.000000,0
yutsil_yellow_25_06_2026_16_58_frame_528.jpeg,0.325000,0
yutsil_yellow_25_06_2026_16_58_frame_529.jpeg,0.000000,0
yutsil_yellow_25_06_2026_16_58_frame_530.jpeg,0.000000,0
yutsil_yellow_25_06_2026_16_58_frame_531.jpeg,0.000000,0
yutsil_yellow_25_06_2026_16_58_frame_532.jpeg,0.000000,0
yutsil_yellow_25_06_2026_16_58_frame_533.jpeg,0.000000,0
yutsil_yellow_25_06_2026_16_58_frame_534.jpeg,0.000000,0
yutsil_yellow_25_06_2026_16_58_frame_535.jpeg,0.000000,0
yutsil_yellow_25_06_2026_16_58_frame_536.jpeg,0.200000,0
yutsil_yellow_25_06_2026_16_58_frame_537.jpeg,0.000000,0
yutsil_yellow_25_06_2026_16_58_frame_538.jpeg,0.000000,0
yutsil_yellow_25_06_2026_16_58_frame_539.jpeg,-0.050000,0
yutsil_yellow_25_06_2026_16_58_frame_540.jpeg,0.000000,0
yutsil_yellow_25_06_2026_16_58_frame_541.jpeg,0.000000,0
yutsil_yellow_25_06_2026_16_58_frame_542.jpeg,0.000000,0
yutsil_yellow_25_06_2026_16_58_frame_543.jpeg,0.000000,0
yutsil_yellow_25_06_2026_16_58_frame_544.jpeg,0.000000,0
yutsil_yellow_25_06_2026_16_58_frame_545.jpeg,0.000000,0
yutsil_yellow_25_06_2026_16_58_frame_546.jpeg,0.000000,0
yutsil_yellow_25_06_2026_16_58_frame_547.jpeg,0.000000,0
yutsil_yellow_25_06_2026_16_58_frame_548.jpeg,0.000000,0
yutsil_yellow_25_06_2026_16_58_frame_549.jpeg,-0.500000,0
yutsil_yellow_25_06_2026_16_58_frame_550.jpeg,0.000000,0
yutsil_yellow_25_06_2026_16_58_frame_551.jpeg,0.000000,0
yutsil_yellow_25_06_2026_16_58_frame_552.jpeg,0.000000,0
yutsil_yellow_25_06_2026_16_58_frame_553.jpeg,0.350000,0
yutsil_yellow_25_06_2026_16_58_frame_554.jpeg,0.000000,0
yutsil_yellow_25_06_2026_16_58_frame_555.jpeg,0.000000,0
yutsil_yellow_25_06_2026_16_58_frame_556.jpeg,0.000000,0
yutsil_yellow_25_06_2026_16_58_frame_557.jpeg,0.000000,0
yutsil_yellow_25_06_2026_16_58_frame_558.jpeg,0.000000,0
yutsil_yellow_25_06_2026_16_58_frame_559.jpeg,0.000000,0
yutsil_yellow_25_06_2026_16_58_frame_560.jpeg,0.000000,0
yutsil_yellow_25_06_2026_16_58_frame_561.jpeg,0.000000,0
yutsil_yellow_25_06_2026_16_58_frame_562.jpeg,0.000000,0
yutsil_yellow_25_06_2026_16_58_frame_563.jpeg,0.000000,0
yutsil_yellow_25_06_2026_16_58_frame_564.jpeg,0.000000,0
yutsil_yellow_25_06_2026_16_58_frame_565.jpeg,0.000000,0
yutsil_yellow_25_06_2026_16_58_frame_566.jpeg,0.000000,0
yutsil_yellow_25_06_2026_16_58_frame_567.jpeg,0.000000,0
yutsil_yellow_25_06_2026_16_58_frame_568.jpeg,0.000000,0
yutsil_yellow_25_06_2026_16_58_frame_569.jpeg,0.000000,0
yutsil_yellow_25_06_2026_16_58_frame_570.jpeg,0.100000,0
yutsil_yellow_25_06_2026_16_58_frame_571.jpeg,0.000000,0
yutsil_yellow_25_06_2026_16_58_frame_572.jpeg,0.275000,0
yutsil_yellow_25_06_2026_16_58_frame_573.jpeg,0.000000,0
yutsil_yellow_25_06_2026_16_58_frame_574.jpeg,0.025000,0
yutsil_yellow_25_06_2026_16_58_frame_575.jpeg,0.500000,0
yutsil_yellow_25_06_2026_16_58_frame_576.jpeg,0.000000,0
yutsil_yellow_25_06_2026_16_58_frame_577.jpeg,0.000000,0
yutsil_yellow_25_06_2026_16_58_frame_578.jpeg,0.000000,0
yutsil_yellow_25_06_2026_16_58_frame_579.jpeg,0.000000,0
yutsil_yellow_25_06_2026_16_58_frame_580.jpeg,0.000000,0
yutsil_yellow_25_06_2026_16_58_frame_581.jpeg,0.000000,0
yutsil_yellow_25_06_2026_16_58_frame_582.jpeg,0.100000,0
yutsil_yellow_25_06_2026_16_58_frame_583.jpeg,0.000000,0
yutsil_yellow_25_06_2026_16_58_frame_584.jpeg,0.000000,0
yutsil_yellow_25_06_2026_16_58_frame_585.jpeg,0.000000,0
yutsil_yellow_25_06_2026_16_58_frame_586.jpeg,0.000000,0
yutsil_yellow_25_06_2026_16_58_frame_587.jpeg,0.025000,0
yutsil_yellow_25_06_2026_16_58_frame_588.jpeg,0.000000,0
yutsil_yellow_25_06_2026_16_58_frame_589.jpeg,0.500000,0
yutsil_yellow_25_06_2026_16_58_frame_590.jpeg,0.000000,0
yutsil_yellow_25_06_2026_16_58_frame_591.jpeg,0.100000,0
yutsil_yellow_25_06_2026_16_58_frame_592.jpeg,0.500000,0
yutsil_yellow_25_06_2026_16_58_frame_593.jpeg,0.000000,0
yutsil_yellow_25_06_2026_16_58_frame_594.jpeg,0.000000,0
yutsil_yellow_25_06_2026_16_58_frame_595.jpeg,0.000000,0
yutsil_yellow_25_06_2026_16_58_frame_596.jpeg,0.000000,0
yutsil_yellow_25_06_2026_16_58_frame_597.jpeg,0.000000,0
yutsil_yellow_25_06_2026_16_58_frame_598.jpeg,0.000000,0
yutsil_yellow_25_06_2026_16_58_frame_599.jpeg,0.000000,0
yutsil_yellow_25_06_2026_16_58_frame_600.jpeg,0.000000,0
yutsil_yellow_25_06_2026_16_58_frame_601.jpeg,0.000000,0
yutsil_yellow_25_06_2026_16_58_frame_602.jpeg,0.375000,0
yutsil_yellow_25_06_2026_16_58_frame_603.jpeg,0.000000,0
yutsil_yellow_25_06_2026_16_58_frame_604.jpeg,0.000000,0
yutsil_yellow_25_06_2026_16_58_frame_605.jpeg,0.000000,0
yutsil_yellow_25_06_2026_16_58_frame_606.jpeg,0.000000,2
yutsil_yellow_25_06_2026_16_58_frame_607.jpeg,0.450000,2
yutsil_yellow_25_06_2026_16_58_frame_608.jpeg,0.500000,2
yutsil_yellow_25_06_2026_16_58_frame_609.jpeg,0.500000,2
yutsil_yellow_25_06_2026_16_58_frame_610.jpeg,0.000000,2
yutsil_yellow_25_06_2026_16_58_frame_611.jpeg,0.450000,2
yutsil_yellow_25_06_2026_16_58_frame_612.jpeg,0.000000,2
yutsil_yellow_25_06_2026_16_58_frame_613.jpeg,-0.225000,2
yutsil_yellow_25_06_2026_16_58_frame_614.jpeg,0.000000,2
yutsil_yellow_25_06_2026_16_58_frame_615.jpeg,-0.300000,2
yutsil_yellow_25_06_2026_16_58_frame_616.jpeg,0.000000,2
yutsil_yellow_25_06_2026_16_58_frame_617.jpeg,0.000000,2
yutsil_yellow_25_06_2026_16_58_frame_618.jpeg,0.000000,2
yutsil_yellow_25_06_2026_16_58_frame_619.jpeg,0.000000,2
yutsil_yellow_25_06_2026_16_58_frame_620.jpeg,0.000000,2
yutsil_yellow_25_06_2026_16_58_frame_621.jpeg,0.000000,2
yutsil_yellow_25_06_2026_16_58_frame_622.jpeg,0.000000,2
yutsil_yellow_25_06_2026_16_58_frame_623.jpeg,0.000000,2
yutsil_yellow_25_06_2026_16_58_frame_624.jpeg,0.000000,2
yutsil_yellow_25_06_2026_16_58_frame_625.jpeg,0.000000,2
yutsil_yellow_25_06_2026_16_58_frame_626.jpeg,0.000000,2
yutsil_yellow_25_06_2026_16_58_frame_627.jpeg,0.000000,2
yutsil_yellow_25_06_2026_16_58_frame_628.jpeg,-0.425000,2
yutsil_yellow_25_06_2026_16_58_frame_629.jpeg,0.000000,2
yutsil_yellow_25_06_2026_16_58_frame_630.jpeg,0.000000,2
yutsil_yellow_25_06_2026_16_58_frame_631.jpeg,0.000000,2
yutsil_yellow_25_06_2026_16_58_frame_632.jpeg,-0.350000,2
yutsil_yellow_25_06_2026_16_58_frame_633.jpeg,0.000000,2
yutsil_yellow_25_06_2026_16_58_frame_634.jpeg,0.000000,2
yutsil_yellow_25_06_2026_16_58_frame_635.jpeg,0.000000,2
yutsil_yellow_25_06_2026_16_58_frame_636.jpeg,0.000000,2
yutsil_yellow_25_06_2026_16_58_frame_637.jpeg,-0.025000,2
yutsil_yellow_25_06_2026_16_58_frame_638.jpeg,0.000000,2
yutsil_yellow_25_06_2026_16_58_frame_639.jpeg,0.000000,2
yutsil_yellow_25_06_2026_16_58_frame_640.jpeg,0.000000,2
yutsil_yellow_25_06_2026_16_58_frame_641.jpeg,0.000000,2
yutsil_yellow_25_06_2026_16_58_frame_642.jpeg,0.000000,2
yutsil_yellow_25_06_2026_16_58_frame_643.jpeg,0.000000,2
yutsil_yellow_25_06_2026_16_58_frame_644.jpeg,-0.200000,2
yutsil_yellow_25_06_2026_16_58_frame_645.jpeg,-0.375000,2
yutsil_yellow_25_06_2026_16_58_frame_646.jpeg,-0.500000,2
yutsil_yellow_25_06_2026_16_58_frame_647.jpeg,-0.500000,2
yutsil_yellow_25_06_2026_16_58_frame_648.jpeg,-0.500000,2
yutsil_yellow_25_06_2026_16_58_frame_649.jpeg,-0.500000,2
yutsil_yellow_25_06_2026_16_58_frame_650.jpeg,0.000000,2
yutsil_yellow_25_06_2026_16_58_frame_651.jpeg,0.400000,2
yutsil_yellow_25_06_2026_16_58_frame_652.jpeg,0.000000,2
yutsil_yellow_25_06_2026_16_58_frame_653.jpeg,0.000000,2
yutsil_yellow_25_06_2026_16_58_frame_654.jpeg,0.000000,1
yutsil_yellow_25_06_2026_16_58_frame_655.jpeg,0.000000,1
yutsil_yellow_25_06_2026_16_58_frame_656.jpeg,0.000000,1
yutsil_yellow_25_06_2026_16_58_frame_657.jpeg,0.000000,1
yutsil_yellow_25_06_2026_16_58_frame_658.jpeg,0.000000,1
yutsil_yellow_25_06_2026_16_58_frame_659.jpeg,0.000000,1
yutsil_yellow_25_06_2026_16_58_frame_660.jpeg,0.000000,1
yutsil_yellow_25_06_2026_16_58_frame_661.jpeg,0.000000,1
yutsil_yellow_25_06_2026_16_58_frame_662.jpeg,0.000000,1
yutsil_yellow_25_06_2026_16_58_frame_663.jpeg,0.000000,1
yutsil_yellow_25_06_2026_16_58_frame_664.jpeg,0.000000,1
yutsil_yellow_25_06_2026_16_58_frame_665.jpeg,0.000000,1
yutsil_yellow_25_06_2026_16_58_frame_666.jpeg,0.000000,1
yutsil_yellow_25_06_2026_16_58_frame_667.jpeg,-0.150000,1
yutsil_yellow_25_06_2026_16_58_frame_668.jpeg,0.000000,1
yutsil_yellow_25_06_2026_16_58_frame_669.jpeg,-0.125000,1
yutsil_yellow_25_06_2026_16_58_frame_670.jpeg,0.000000,1
yutsil_yellow_25_06_2026_16_58_frame_671.jpeg,0.000000,1
yutsil_yellow_25_06_2026_16_58_frame_672.jpeg,0.000000,1
yutsil_yellow_25_06_2026_16_58_frame_673.jpeg,-0.275000,1
yutsil_yellow_25_06_2026_16_58_frame_674.jpeg,0.000000,1
yutsil_yellow_25_06_2026_16_58_frame_675.jpeg,0.000000,1
yutsil_yellow_25_06_2026_16_58_frame_676.jpeg,-0.150000,1
yutsil_yellow_25_06_2026_16_58_frame_677.jpeg,0.000000,1
yutsil_yellow_25_06_2026_16_58_frame_678.jpeg,0.000000,1
yutsil_yellow_25_06_2026_16_58_frame_679.jpeg,0.000000,1
yutsil_yellow_25_06_2026_16_58_frame_680.jpeg,-0.025000,1
yutsil_yellow_25_06_2026_16_58_frame_681.jpeg,0.000000,1
yutsil_yellow_25_06_2026_16_58_frame_682.jpeg,0.000000,1
yutsil_yellow_25_06_2026_16_58_frame_683.jpeg,-0.275000,1
yutsil_yellow_25_06_2026_16_58_frame_684.jpeg,0.000000,1
yutsil_yellow_25_06_2026_16_58_frame_685.jpeg,0.000000,1
yutsil_yellow_25_06_2026_16_58_frame_686.jpeg,0.000000,1
yutsil_yellow_25_06_2026_16_58_frame_687.jpeg,0.000000,1
yutsil_yellow_25_06_2026_16_58_frame_688.jpeg,0.000000,1
yutsil_yellow_25_06_2026_16_58_frame_689.jpeg,-0.075000,1
yutsil_yellow_25_06_2026_16_58_frame_690.jpeg,0.000000,1
yutsil_yellow_25_06_2026_16_58_frame_691.jpeg,0.000000,1
yutsil_yellow_25_06_2026_16_58_frame_692.jpeg,0.000000,1
yutsil_yellow_25_06_2026_16_58_frame_693.jpeg,0.000000,1
yutsil_yellow_25_06_2026_16_58_frame_694.jpeg,0.000000,1
yutsil_yellow_25_06_2026_16_58_frame_695.jpeg,0.000000,1
yutsil_yellow_25_06_2026_16_58_frame_696.jpeg,0.000000,1
yutsil_yellow_25_06_2026_16_58_frame_697.jpeg,0.000000,1
yutsil_yellow_25_06_2026_16_58_frame_698.jpeg,0.000000,1
yutsil_yellow_25_06_2026_16_58_frame_699.jpeg,0.000000,1
yutsil_yellow_25_06_2026_16_58_frame_700.jpeg,0.000000,1
yutsil_yellow_25_06_2026_16_58_frame_701.jpeg,0.000000,1
yutsil_yellow_25_06_2026_16_58_frame_702.jpeg,0.000000,1
yutsil_yellow_25_06_2026_16_58_frame_703.jpeg,0.000000,1
yutsil_yellow_25_06_2026_16_58_frame_704.jpeg,0.000000,1
yutsil_yellow_25_06_2026_16_58_frame_705.jpeg,-0.400000,1
yutsil_yellow_25_06_2026_16_58_frame_706.jpeg,0.000000,1
yutsil_yellow_25_06_2026_16_58_frame_707.jpeg,0.000000,1
yutsil_yellow_25_06_2026_16_58_frame_708.jpeg,0.000000,1
yutsil_yellow_25_06_2026_16_58_frame_709.jpeg,0.000000,1
yutsil_yellow_25_06_2026_16_58_frame_710.jpeg,0.000000,1
yutsil_yellow_25_06_2026_16_58_frame_711.jpeg,0.000000,1
yutsil_yellow_25_06_2026_16_58_frame_712.jpeg,0.000000,1
yutsil_yellow_25_06_2026_16_58_frame_713.jpeg,0.000000,1
yutsil_yellow_25_06_2026_16_58_frame_714.jpeg,0.000000,1
yutsil_yellow_25_06_2026_16_58_frame_715.jpeg,0.000000,1
yutsil_yellow_25_06_2026_16_58_frame_716.jpeg,0.000000,1
yutsil_yellow_25_06_2026_16_58_frame_717.jpeg,0.000000,1
yutsil_yellow_25_06_2026_16_58_frame_718.jpeg,0.000000,1
yutsil_yellow_25_06_2026_16_58_frame_719.jpeg,0.000000,1
yutsil_yellow_25_06_2026_16_58_frame_720.jpeg,0.000000,1
yutsil_yellow_25_06_2026_16_58_frame_721.jpeg,0.000000,1
yutsil_yellow_25_06_2026_16_58_frame_722.jpeg,0.000000,1
yutsil_yellow_25_06_2026_16_58_frame_723.jpeg,0.000000,1
yutsil_yellow_25_06_2026_16_58_frame_724.jpeg,0.000000,1
yutsil_yellow_25_06_2026_16_58_frame_725.jpeg,0.000000,1
yutsil_yellow_25_06_2026_16_58_frame_726.jpeg,0.000000,1
yutsil_yellow_25_06_2026_16_58_frame_727.jpeg,0.000000,1
yutsil_yellow_25_06_2026_16_58_frame_728.jpeg,0.000000,1
yutsil_yellow_25_06_2026_16_58_frame_729.jpeg,0.000000,1
yutsil_yellow_25_06_2026_16_58_frame_730.jpeg,0.000000,1
yutsil_yellow_25_06_2026_16_58_frame_731.jpeg,0.000000,1
yutsil_yellow_25_06_2026_16_58_frame_732.jpeg,0.000000,1
yutsil_yellow_25_06_2026_16_58_frame_733.jpeg,0.000000,1
yutsil_yellow_25_06_2026_16_58_frame_734.jpeg,-0.325000,1
yutsil_yellow_25_06_2026_16_58_frame_735.jpeg,0.000000,1
yutsil_yellow_25_06_2026_16_58_frame_736.jpeg,0.275000,1
yutsil_yellow_25_06_2026_16_58_frame_737.jpeg,0.000000,1
yutsil_yellow_25_06_2026_16_58_frame_738.jpeg,0.000000,1
yutsil_yellow_25_06_2026_16_58_frame_739.jpeg,0.000000,1
yutsil_yellow_25_06_2026_16_58_frame_740.jpeg,0.000000,1
yutsil_yellow_25_06_2026_16_58_frame_741.jpeg,0.000000,1
yutsil_yellow_25_06_2026_16_58_frame_742.jpeg,0.000000,1
yutsil_yellow_25_06_2026_16_58_frame_743.jpeg,0.000000,1
yutsil_yellow_25_06_2026_16_58_frame_744.jpeg,0.000000,1
yutsil_yellow_25_06_2026_16_58_frame_745.jpeg,0.000000,1
yutsil_yellow_25_06_2026_16_58_frame_746.jpeg,0.000000,1
yutsil_yellow_25_06_2026_16_58_frame_747.jpeg,0.000000,1
yutsil_yellow_25_06_2026_16_58_frame_748.jpeg,0.000000,1
yutsil_yellow_25_06_2026_16_58_frame_749.jpeg,0.000000,1
yutsil_yellow_25_06_2026_16_58_frame_750.jpeg,-0.250000,1
yutsil_yellow_25_06_2026_16_58_frame_751.jpeg,0.000000,1
yutsil_yellow_25_06_2026_16_58_frame_752.jpeg,-0.150000,1
yutsil_yellow_25_06_2026_16_58_frame_753.jpeg,0.000000,1
yutsil_yellow_25_06_2026_16_58_frame_754.jpeg,-0.300000,1
yutsil_yellow_25_06_2026_16_58_frame_755.jpeg,0.000000,1
yutsil_yellow_25_06_2026_16_58_frame_756.jpeg,0.000000,1
yutsil_yellow_25_06_2026_16_58_frame_757.jpeg,-0.325000,1
yutsil_yellow_25_06_2026_16_58_frame_758.jpeg,0.000000,1
yutsil_yellow_25_06_2026_16_58_frame_759.jpeg,0.000000,1
yutsil_yellow_25_06_2026_16_58_frame_760.jpeg,0.000000,1
yutsil_yellow_25_06_2026_16_58_frame_761.jpeg,0.000000,1
yutsil_yellow_25_06_2026_16_58_frame_762.jpeg,-0.025000,1
yutsil_yellow_25_06_2026_16_58_frame_763.jpeg,0.000000,1
yutsil_yellow_25_06_2026_16_58_frame_764.jpeg,0.000000,1
yutsil_yellow_25_06_2026_16_58_frame_765.jpeg,0.000000,1
yutsil_yellow_25_06_2026_16_58_frame_766.jpeg,0.000000,1
yutsil_yellow_25_06_2026_16_58_frame_767.jpeg,-0.425000,1
yutsil_yellow_25_06_2026_16_58_frame_768.jpeg,0.000000,1
yutsil_yellow_25_06_2026_16_58_frame_769.jpeg,0.350000,1
yutsil_yellow_25_06_2026_16_58_frame_770.jpeg,0.000000,1
yutsil_yellow_25_06_2026_16_58_frame_771.jpeg,-0.325000,1
yutsil_yellow_25_06_2026_16_58_frame_772.jpeg,0.000000,1
yutsil_yellow_25_06_2026_16_58_frame_773.jpeg,0.000000,1
yutsil_yellow_25_06_2026_16_58_frame_774.jpeg,0.175000,1
yutsil_yellow_25_06_2026_16_58_frame_775.jpeg,0.000000,1
yutsil_yellow_25_06_2026_16_58_frame_776.jpeg,0.025000,1
yutsil_yellow_25_06_2026_16_58_frame_777.jpeg,0.275000,1
yutsil_yellow_25_06_2026_16_58_frame_778.jpeg,-0.350000,1
yutsil_yellow_25_06_2026_16_58_frame_779.jpeg,0.000000,1
yutsil_yellow_25_06_2026_16_58_frame_780.jpeg,0.325000,1
yutsil_yellow_25_06_2026_16_58_frame_781.jpeg,0.000000,1
yutsil_yellow_25_06_2026_16_58_frame_782.jpeg,0.000000,1
yutsil_yellow_25_06_2026_16_58_frame_783.jpeg,0.000000,1
yutsil_yellow_25_06_2026_16_58_frame_784.jpeg,0.000000,1
yutsil_yellow_25_06_2026_16_58_frame_785.jpeg,0.000000,1
yutsil_yellow_25_06_2026_16_58_frame_786.jpeg,0.000000,1
yutsil_yellow_25_06_2026_16_58_frame_787.jpeg,-0.475000,1
yutsil_yellow_25_06_2026_16_58_frame_788.jpeg,0.000000,1
yutsil_yellow_25_06_2026_16_58_frame_789.jpeg,0.450000,1
yutsil_yellow_25_06_2026_16_58_frame_790.jpeg,0.000000,1
yutsil_yellow_25_06_2026_16_58_frame_791.jpeg,0.000000,1
yutsil_yellow_25_06_2026_16_58_frame_792.jpeg,0.000000,1
yutsil_yellow_25_06_2026_16_58_frame_793.jpeg,0.175000,1
yutsil_yellow_25_06_2026_16_58_frame_794.jpeg,0.000000,1
yutsil_yellow_25_06_2026_16_58_frame_795.jpeg,0.000000,1
yutsil_yellow_25_06_2026_16_58_frame_796.jpeg,0.000000,1
yutsil_yellow_25_06_2026_16_58_frame_797.jpeg,0.000000,1
yutsil_yellow_25_06_2026_16_58_frame_798.jpeg,0.000000,1
yutsil_yellow_25_06_2026_16_58_frame_799.jpeg,0.000000,1
yutsil_yellow_25_06_2026_16_58_frame_800.jpeg,0.000000,1
yutsil_yellow_25_06_2026_16_58_frame_801.jpeg,0.000000,1
yutsil_yellow_25_06_2026_16_58_frame_802.jpeg,0.000000,1
yutsil_yellow_25_06_2026_16_58_frame_803.jpeg,0.000000,1
yutsil_yellow_25_06_2026_16_58_frame_804.jpeg,0.000000,1
yutsil_yellow_25_06_2026_16_58_frame_805.jpeg,0.000000,1
yutsil_yellow_25_06_2026_16_58_frame_806.jpeg,0.000000,1
yutsil_yellow_25_06_2026_16_58_frame_807.jpeg,0.000000,1
